application,tx_id,currency,account,asset,ticker,type,crypto_amount,fiat_amount,comission_amount,note,date,time
MEXC,f7ddc45972d5407a84588dd88341fb91,USD,USD,COTI,COTI,Sell,656.81,57.5168517,0.0,,2024-02-11,20:47:58
MEXC,f7ddc45972d5407a84588dd88341fb91,USD,USD,USDT,USDT,Buy,57.5168517,57.5168517,0.0,,2024-02-11,20:47:58
MEXC,ef0340dddb6b4655a3ab2d9f2e895652,USD,USD,COTI,COTI,Sell,23.28,2.0386296,0.0,,2024-02-11,20:47:58
MEXC,ef0340dddb6b4655a3ab2d9f2e895652,USD,USD,USDT,USDT,Buy,2.0386296,2.0386296,0.0,,2024-02-11,20:47:58
MEXC,7a44e2dcdfb14b2aaa08544023c914ba,USD,USD,USDT,USDT,Sell,299.9936,299.9936,0.0,,2024-02-26,20:36:40
MEXC,7a44e2dcdfb14b2aaa08544023c914ba,USD,USD,APT,APT,Buy,29.44,299.9936,0.0,,2024-02-26,20:36:40
MEXC,28d02aa415f54464850b25be3f945d2a,USD,USD,TRIAS,TRIAS,Sell,6.45,97.0725,0.0,,2024-02-21,14:45:27
MEXC,28d02aa415f54464850b25be3f945d2a,USD,USD,USDT,USDT,Buy,97.0725,97.0725,0.0,,2024-02-21,14:45:27
MEXC,9a0bef6f595a4e9e8895f549a6b5cace,USD,USD,USDT,USDT,Sell,47.6131009,47.6131009,0.0,,2024-02-06,20:15:13
MEXC,9a0bef6f595a4e9e8895f549a6b5cace,USD,USD,COTI,COTI,Buy,680.09,47.6131009,0.0,,2024-02-06,20:15:13
MEXC,ef45b16b9b0f4815af02fc6da71b3cec,USD,USD,XAI,XAI,Sell,43.47,56.584899,0.0,,2024-02-21,14:47:04
MEXC,ef45b16b9b0f4815af02fc6da71b3cec,USD,USD,USDT,USDT,Buy,56.584899,56.584899,0.0,,2024-02-21,14:47:04
MEXC,ec109ad241244248982b527c00baf065,USD,USD,USDT,USDT,Sell,199.9998,199.9998,0.0,,2024-02-24,16:46:21
MEXC,ec109ad241244248982b527c00baf065,USD,USD,RVF,RVF,Buy,279.72,199.9998,0.0,,2024-02-24,16:46:21
MEXC,955dc740303f4efab900d458d8d30762,USD,USD,CAKE,CAKE,Sell,30.57,97.48773,0.0,,2024-02-24,16:45:26
MEXC,955dc740303f4efab900d458d8d30762,USD,USD,USDT,USDT,Buy,97.48773,97.48773,0.0,,2024-02-24,16:45:26
MEXC,a303f62bdf734fb1ae4295fc565487d0,USD,USD,USDT,USDT,Sell,290.4805332,290.4805332,0.0,,2024-02-07,20:57:21
MEXC,a303f62bdf734fb1ae4295fc565487d0,USD,USD,KAS,KAS,Buy,2453.3,290.4805332,0.0,,2024-02-07,20:57:21
MEXC,bdca65a88b8b44328d25f8caa1cec6f6,USD,USD,WELSH,WELSH,Sell,29481.13,143.92687666,0.0,,2024-02-23,23:50:45
MEXC,bdca65a88b8b44328d25f8caa1cec6f6,USD,USD,USDT,USDT,Buy,143.92687666,143.92687666,0.0,,2024-02-23,23:50:45
MEXC,e42485860dde48e5ad3e0c6702d458a5,USD,USD,ZEPH,ZEPH,Sell,0.5,10.782,0.0,,2024-02-21,14:47:31
MEXC,e42485860dde48e5ad3e0c6702d458a5,USD,USD,USDT,USDT,Buy,10.782,10.782,0.0,,2024-02-21,14:47:31
MEXC,ed76ad6fa4c549f8be0e8b1a57d64c4d,USD,USD,USDT,USDT,Sell,120.676416,120.676416,0.0,,2024-02-07,20:55:42
MEXC,ed76ad6fa4c549f8be0e8b1a57d64c4d,USD,USD,ALPH,ALPH,Buy,53.34,120.676416,0.0,,2024-02-07,20:55:42
MEXC,ad7d4f27938a49319c4baae844c28d33,USD,USD,USDT,USDT,Sell,49.994847,49.994847,0.0,,2024-02-18,19:25:29
MEXC,ad7d4f27938a49319c4baae844c28d33,USD,USD,XAI,XAI,Buy,43.47,49.994847,0.0,,2024-02-18,19:25:29
MEXC,3a8e674e70b94182851d6dfab4efc44e,USD,USD,USDT,USDT,Sell,79.300936,79.300936,0.0,,2024-03-03,20:17:37
MEXC,3a8e674e70b94182851d6dfab4efc44e,USD,USD,ETH,ETH,Buy,0.02288,79.300936,0.0,,2024-03-03,20:17:37
MEXC,7f8e5ece98d746e9bd59a7b6d8b6d559,USD,USD,USDT,USDT,Sell,20.02075952,20.02075952,0.0,,2024-02-07,20:57:21
MEXC,7f8e5ece98d746e9bd59a7b6d8b6d559,USD,USD,KAS,KAS,Buy,169.04,20.02075952,0.0,,2024-02-07,20:57:21
MEXC,10ceb7c30f724e328b25394025c50658,USD,USD,USDT,USDT,Sell,99.99999296,99.99999296,0.0,,2024-02-12,08:50:15
MEXC,10ceb7c30f724e328b25394025c50658,USD,USD,WELSH,WELSH,Buy,29481.13,99.99999296,0.0,,2024-02-12,08:50:15
MEXC,c86b8f9615044915bbfa0a35c5d9079f,USD,USD,MINA,MINA,Sell,61.02,77.074362,0.0,,2024-02-21,14:47:16
MEXC,c86b8f9615044915bbfa0a35c5d9079f,USD,USD,USDT,USDT,Buy,77.074362,77.074362,0.0,,2024-02-21,14:47:16
MEXC,daadcc90fc0740b984c1890d4e3c7020,USD,USD,ZEPH,ZEPH,Sell,0.69,14.96886,0.0,,2024-02-21,14:47:31
MEXC,daadcc90fc0740b984c1890d4e3c7020,USD,USD,USDT,USDT,Buy,14.96886,14.96886,0.0,,2024-02-21,14:47:31
MEXC,dcec451b009445bbada1398b5aacedf5,USD,USD,DYM,DYM,Sell,13.36,98.65024,0.0,,2024-02-11,20:48:46
MEXC,dcec451b009445bbada1398b5aacedf5,USD,USD,USDT,USDT,Buy,98.65024,98.65024,0.0,,2024-02-11,20:48:46
MEXC,ddb54bd5776e4983966f8a2d8c92d504,USD,USD,USDT,USDT,Sell,14.154525,14.154525,0.0,,2024-02-07,20:55:42
MEXC,ddb54bd5776e4983966f8a2d8c92d504,USD,USD,ALPH,ALPH,Buy,6.27,14.154525,0.0,,2024-02-07,20:55:42
MEXC,9a0e598393cd45fb80ac6ee4466794d1,USD,USD,USDT,USDT,Sell,21.5661522,21.5661522,0.0,,2024-02-06,21:16:35
MEXC,9a0e598393cd45fb80ac6ee4466794d1,USD,USD,ETH,ETH,Buy,0.00906,21.5661522,0.0,,2024-02-06,21:16:35
MEXC,4cac083fd8bd43deb53f4f2e7fa9ad62,USD,USD,USDT,USDT,Sell,11.04315912,11.04315912,0.0,,2024-02-07,20:57:21
MEXC,4cac083fd8bd43deb53f4f2e7fa9ad62,USD,USD,KAS,KAS,Buy,93.24,11.04315912,0.0,,2024-02-07,20:57:21
MEXC,1e986e80fcdb465180d313350caf3eea,USD,USD,MINA,MINA,Sell,15.0,18.948,0.0,,2024-02-21,14:47:16
MEXC,1e986e80fcdb465180d313350caf3eea,USD,USD,USDT,USDT,Buy,18.948,18.948,0.0,,2024-02-21,14:47:16
MEXC,69169a2008184c4fb07729fb9c049902,USD,USD,ZEPH,ZEPH,Sell,0.5,10.7875,0.0,,2024-02-21,14:47:31
MEXC,69169a2008184c4fb07729fb9c049902,USD,USD,USDT,USDT,Buy,10.7875,10.7875,0.0,,2024-02-21,14:47:31
MEXC,92f7ba8734b34c9abbe3d73b08c694e8,USD,USD,USDT,USDT,Sell,99.89272,99.89272,0.0,,2024-02-10,17:55:58
MEXC,92f7ba8734b34c9abbe3d73b08c694e8,USD,USD,DYM,DYM,Buy,13.36,99.89272,0.0,,2024-02-10,17:55:58
MEXC,ad6ece46a8394defa74514f3c366738b,USD,USD,USDT,USDT,Sell,10.995264,10.995264,0.0,,2024-02-07,20:55:42
MEXC,ad6ece46a8394defa74514f3c366738b,USD,USD,ALPH,ALPH,Buy,4.86,10.995264,0.0,,2024-02-07,20:55:42
MEXC,b45b2bb47bfd47c6a26d0f7a4cc39f28,USD,USD,ETH,ETH,Sell,0.00963,22.9372155,0.0,,2024-02-06,21:12:45
MEXC,b45b2bb47bfd47c6a26d0f7a4cc39f28,USD,USD,USDT,USDT,Buy,22.9372155,22.9372155,0.0,,2024-02-06,21:12:45
MEXC,44be771b354f4be7955597250f4fbf5c,USD,USD,USDT,USDT,Sell,271.26008897,271.26008897,0.0,,2024-02-07,20:57:21
MEXC,44be771b354f4be7955597250f4fbf5c,USD,USD,KAS,KAS,Buy,2290.99,271.26008897,0.0,,2024-02-07,20:57:21
MEXC,801cb0b17bae47c19e10130197f4053c,USD,USD,USDT,USDT,Sell,99.875076,99.875076,0.0,,2024-02-10,17:54:23
MEXC,801cb0b17bae47c19e10130197f4053c,USD,USD,MINA,MINA,Buy,76.02,99.875076,0.0,,2024-02-10,17:54:23
MEXC,661bd49ca57a49d1a61298343045c878,USD,USD,ZEPH,ZEPH,Sell,0.5,10.782,0.0,,2024-02-21,14:47:31
MEXC,661bd49ca57a49d1a61298343045c878,USD,USD,USDT,USDT,Buy,10.782,10.782,0.0,,2024-02-21,14:47:31
MEXC,a2d68568d17d4cd4949d13c924039941,USD,USD,USDT,USDT,Sell,2428.67484,2428.67484,0.0,,2024-02-07,20:55:42
MEXC,a2d68568d17d4cd4949d13c924039941,USD,USD,ALPH,ALPH,Buy,1073.4,2428.67484,0.0,,2024-02-07,20:55:42
MEXC,cb408d93cda44b8194e4447f407fddc8,USD,USD,USDT,USDT,Sell,22.9373118,22.9373118,0.0,,2024-02-06,21:10:58
MEXC,cb408d93cda44b8194e4447f407fddc8,USD,USD,ETH,ETH,Buy,0.00963,22.9373118,0.0,,2024-02-06,21:10:58
MEXC,0ef73a6feb9a45e1b91cb068d523c523,USD,USD,USDT,USDT,Sell,800.19533642,800.19533642,0.0,,2024-02-07,20:57:21
MEXC,0ef73a6feb9a45e1b91cb068d523c523,USD,USD,KAS,KAS,Buy,6756.01,800.19533642,0.0,,2024-02-07,20:57:21
MEXC,f70184d9a0f9412582bc909f4b889478,USD,USD,MINA,MINA,Sell,6.25,7.255,0.0,,2024-02-05,19:31:16
MEXC,f70184d9a0f9412582bc909f4b889478,USD,USD,USDT,USDT,Buy,7.255,7.255,0.0,,2024-02-05,19:31:16
MEXC,5bfdfd54dc1644f781155827a0b4b42b,USD,USD,ZEPH,ZEPH,Sell,0.5,10.7875,0.0,,2024-02-21,14:47:31
MEXC,5bfdfd54dc1644f781155827a0b4b42b,USD,USD,USDT,USDT,Buy,10.7875,10.7875,0.0,,2024-02-21,14:47:31
MEXC,8127680467d94443a3571c58f22ef48e,USD,USD,USDT,USDT,Sell,55.691328,55.691328,0.0,,2024-02-07,20:55:42
MEXC,8127680467d94443a3571c58f22ef48e,USD,USD,ALPH,ALPH,Buy,24.64,55.691328,0.0,,2024-02-07,20:55:42
MEXC,968c2ee31911479caf6134df3c3b3cdf,USD,USD,USDT,USDT,Sell,99.99988788,99.99988788,0.0,,2024-02-07,13:29:59
MEXC,968c2ee31911479caf6134df3c3b3cdf,USD,USD,KAS,KAS,Buy,908.52,99.99988788,0.0,,2024-02-07,13:29:59
MEXC,5e7e9c6ffa8d4b3980a731edbefb4013,USD,USD,MINA,MINA,Sell,7.27,8.608407,0.0,,2024-02-05,19:31:16
MEXC,5e7e9c6ffa8d4b3980a731edbefb4013,USD,USD,USDT,USDT,Buy,8.608407,8.608407,0.0,,2024-02-05,19:31:16
MEXC,4cdd7b11830e4eb0825cc4faa91d7f88,USD,USD,ZEPH,ZEPH,Sell,0.1,2.1562,0.0,,2024-02-21,14:47:31
MEXC,4cdd7b11830e4eb0825cc4faa91d7f88,USD,USD,USDT,USDT,Buy,2.1562,2.1562,0.0,,2024-02-21,14:47:31
MEXC,3b46367506fa43f5be3a24b025a32db0,USD,USD,USDT,USDT,Sell,180.804173,180.804173,0.0,,2024-02-07,20:55:42
MEXC,3b46367506fa43f5be3a24b025a32db0,USD,USD,ALPH,ALPH,Buy,79.97,180.804173,0.0,,2024-02-07,20:55:42
MEXC,44abb2c65df049a6a4b0ee638bbbd639,USD,USD,MINA,MINA,Sell,21.58,25.0328,0.0,,2024-02-05,19:31:16
MEXC,44abb2c65df049a6a4b0ee638bbbd639,USD,USD,USDT,USDT,Buy,25.0328,25.0328,0.0,,2024-02-05,19:31:16
MEXC,3a2324e81e1b4d898a39896ce08ade9c,USD,USD,ZEPH,ZEPH,Sell,0.5,10.781,0.0,,2024-02-21,14:47:31
MEXC,3a2324e81e1b4d898a39896ce08ade9c,USD,USD,USDT,USDT,Buy,10.781,10.781,0.0,,2024-02-21,14:47:31
MEXC,168460637d5b4235a32aa52ff0ab0d27,USD,USD,USDT,USDT,Sell,12.983306,12.983306,0.0,,2024-02-07,20:55:42
MEXC,168460637d5b4235a32aa52ff0ab0d27,USD,USD,ALPH,ALPH,Buy,5.74,12.983306,0.0,,2024-02-07,20:55:42
MEXC,3a1e891caaa94b899605ddc9bde97215,USD,USD,MINA,MINA,Sell,5.72,6.706128,0.0,,2024-02-05,19:31:16
MEXC,3a1e891caaa94b899605ddc9bde97215,USD,USD,USDT,USDT,Buy,6.706128,6.706128,0.0,,2024-02-05,19:31:16
MEXC,2f336869a6ac4e1cb51a801c58453f2e,USD,USD,ZEPH,ZEPH,Sell,0.5,10.7875,0.0,,2024-02-21,14:47:31
MEXC,2f336869a6ac4e1cb51a801c58453f2e,USD,USD,USDT,USDT,Buy,10.7875,10.7875,0.0,,2024-02-21,14:47:31
MEXC,0ee3e1ee98e04e8a9ad884bde408b63e,USD,USD,ZEPH,ZEPH,Sell,0.5,10.7815,0.0,,2024-02-21,14:47:31
MEXC,0ee3e1ee98e04e8a9ad884bde408b63e,USD,USD,USDT,USDT,Buy,10.7815,10.7815,0.0,,2024-02-21,14:47:31
MEXC,d457f9cda60c4d17a09e64c9b51b3b31,USD,USD,USDT,USDT,Sell,52.72981,52.72981,0.0,,2024-02-17,09:36:09
MEXC,d457f9cda60c4d17a09e64c9b51b3b31,USD,USD,ZEPH,ZEPH,Buy,2.59,52.72981,0.0,,2024-02-17,09:36:09
MEXC,9a4eadb8b0474ddbbd8774d0d705fa33,USD,USD,USDT,USDT,Sell,10.78921,10.78921,0.0,,2024-02-17,09:36:09
MEXC,9a4eadb8b0474ddbbd8774d0d705fa33,USD,USD,ZEPH,ZEPH,Buy,0.53,10.78921,0.0,,2024-02-17,09:36:09
MEXC,2e85de63e46a46af849f096b9e3a7917,USD,USD,USDT,USDT,Sell,12.94464,12.94464,0.0,,2024-02-17,09:36:09
MEXC,2e85de63e46a46af849f096b9e3a7917,USD,USD,ZEPH,ZEPH,Buy,0.64,12.94464,0.0,,2024-02-17,09:36:09
MEXC,076b344810624628bd4707be944d5880,USD,USD,USDT,USDT,Sell,10.78921,10.78921,0.0,,2024-02-17,09:36:09
MEXC,076b344810624628bd4707be944d5880,USD,USD,ZEPH,ZEPH,Buy,0.53,10.78921,0.0,,2024-02-17,09:36:09
MEXC,7ba9516ea3514547b31ed453bb5592b0,USD,USD,USDT,USDT,Sell,99.99447,99.99447,0.0,,2024-02-23,15:03:03
MEXC,7ba9516ea3514547b31ed453bb5592b0,USD,USD,CAKE,CAKE,Buy,30.57,99.99447,0.0,,2024-02-23,15:03:03
MEXC,50f5ea67e46d4badae06e420033ea9f1,USD,USD,AZERO,AZERO,Sell,61.87,83.611118,0.0,,2024-02-21,14:45:14
MEXC,50f5ea67e46d4badae06e420033ea9f1,USD,USD,USDT,USDT,Buy,83.611118,83.611118,0.0,,2024-02-21,14:45:14
MEXC,2c4455983d2f48fcb99a9f47a813c0ca,USD,USD,AZERO,AZERO,Sell,18.96,25.58652,0.0,,2024-02-21,14:45:14
MEXC,2c4455983d2f48fcb99a9f47a813c0ca,USD,USD,USDT,USDT,Buy,25.58652,25.58652,0.0,,2024-02-21,14:45:14
MEXC,af157ba7d96f4a66bcd4a762e8e60dd5,USD,USD,USDT,USDT,Sell,99.994793,99.994793,0.0,,2024-02-12,20:39:22
MEXC,af157ba7d96f4a66bcd4a762e8e60dd5,USD,USD,AZERO,AZERO,Buy,80.83,99.994793,0.0,,2024-02-12,20:39:22
MEXC,c7c7b9625c5342ebab7275606aa76728,USD,USD,USDT,USDT,Sell,19.82464,19.82464,0.0,,2024-02-17,21:06:22
MEXC,c7c7b9625c5342ebab7275606aa76728,USD,USD,TRIAS,TRIAS,Buy,1.28,19.82464,0.0,,2024-02-17,21:06:22
MEXC,6a9ce0f47da8449faeb40d3d6d082a57,USD,USD,USDT,USDT,Sell,80.07813,80.07813,0.0,,2024-02-17,21:06:22
MEXC,6a9ce0f47da8449faeb40d3d6d082a57,USD,USD,TRIAS,TRIAS,Buy,5.17,80.07813,0.0,,2024-02-17,21:06:22
MEXC,f5d780a702974fb3bad2d3f7137f6b05,USD,USD,ONDO,ONDO,Sell,145.62,44.9980362,0.0,,2024-02-21,14:45:00
MEXC,f5d780a702974fb3bad2d3f7137f6b05,USD,USD,USDT,USDT,Buy,44.9980362,44.9980362,0.0,,2024-02-21,14:45:00
MEXC,aa8198ff974d419892d5aafb5134cf43,USD,USD,ONDO,ONDO,Sell,254.46,78.62814,0.0,,2024-02-21,14:45:00
MEXC,aa8198ff974d419892d5aafb5134cf43,USD,USD,USDT,USDT,Buy,78.62814,78.62814,0.0,,2024-02-21,14:45:00
MEXC,c6e9eb4f01c840a38ae0fb3def1b8d58,USD,USD,ONDO,ONDO,Sell,39.83,9.9985249,0.0,,2024-02-17,21:06:00
MEXC,c6e9eb4f01c840a38ae0fb3def1b8d58,USD,USD,USDT,USDT,Buy,9.9985249,9.9985249,0.0,,2024-02-17,21:06:00
MEXC,be93e6db9d91496ab68c4ed6e77af5b7,USD,USD,ONDO,ONDO,Sell,397.63,99.6898173,0.0,,2024-02-17,21:06:00
MEXC,be93e6db9d91496ab68c4ed6e77af5b7,USD,USD,USDT,USDT,Buy,99.6898173,99.6898173,0.0,,2024-02-17,21:06:00
MEXC,6574136e96d14605a818e908a638d26b,USD,USD,ONDO,ONDO,Sell,33.2,8.31162,0.0,,2024-02-17,21:06:00
MEXC,6574136e96d14605a818e908a638d26b,USD,USD,USDT,USDT,Buy,8.31162,8.31162,0.0,,2024-02-17,21:06:00
MEXC,8b80e0f862eb469e91ca55a4fa8f781f,USD,USD,ONDO,ONDO,Sell,79.61,19.9685763,0.0,,2024-02-17,21:05:03
MEXC,8b80e0f862eb469e91ca55a4fa8f781f,USD,USD,USDT,USDT,Buy,19.9685763,19.9685763,0.0,,2024-02-17,21:05:03
MEXC,7ad204bd9e834255a8c8c315d845bf9e,USD,USD,ONDO,ONDO,Sell,43.78,10.9817752,0.0,,2024-02-17,21:05:03
MEXC,7ad204bd9e834255a8c8c315d845bf9e,USD,USD,USDT,USDT,Buy,10.9817752,10.9817752,0.0,,2024-02-17,21:05:03
MEXC,0275fefa0ee34614a30a597572369231,USD,USD,ONDO,ONDO,Sell,26.61,6.6743202,0.0,,2024-02-17,21:05:03
MEXC,0275fefa0ee34614a30a597572369231,USD,USD,USDT,USDT,Buy,6.6743202,6.6743202,0.0,,2024-02-17,21:05:03
MEXC,f633a866a05843c1ae926f40dc51ecdf,USD,USD,USDT,USDT,Sell,199.1860884,199.1860884,0.0,,2024-02-11,20:52:09
MEXC,f633a866a05843c1ae926f40dc51ecdf,USD,USD,ONDO,ONDO,Buy,813.27,199.1860884,0.0,,2024-02-11,20:52:09
MEXC,ea8b338c2eb94036baf608a8247bf635,USD,USD,USDT,USDT,Sell,25.5881968,25.5881968,0.0,,2024-02-11,20:52:09
MEXC,ea8b338c2eb94036baf608a8247bf635,USD,USD,ONDO,ONDO,Buy,104.48,25.5881968,0.0,,2024-02-11,20:52:09
MEXC,3bcba5f2ad12458bbc44ff36c83f2b3d,USD,USD,USDT,USDT,Sell,25.2243108,25.2243108,0.0,,2024-02-11,20:52:09
MEXC,3bcba5f2ad12458bbc44ff36c83f2b3d,USD,USD,ONDO,ONDO,Buy,102.99,25.2243108,0.0,,2024-02-11,20:52:09
MEXC,aa4d2ec374654261b1767bde58cbf639,USD,USD,USDT,USDT,Sell,9.715,9.715,0.0,,2024-02-25,19:36:08
MEXC,aa4d2ec374654261b1767bde58cbf639,USD,USD,BNB,BNB,Buy,0.025,9.715,0.0,,2024-02-25,19:36:08
MEXC,246a7649e780445c8f3fdc55df632d18,USD,USD,USDT,USDT,Sell,199.157,199.157,0.0,,2024-03-01,18:08:33
MEXC,246a7649e780445c8f3fdc55df632d18,USD,USD,QNT,QNT,Buy,1.61,199.157,0.0,,2024-03-01,18:08:33
MEXC,e0c919cd9d614efc9471bcd5af89e661,USD,USD,RVF,RVF,Sell,36.28,21.768,0.0,,2024-03-12,18:09:25
MEXC,e0c919cd9d614efc9471bcd5af89e661,USD,USD,USDT,USDT,Buy,21.768,21.768,0.0,,2024-03-12,18:09:25
MEXC,9ab1542acbcf4dcaaef943d9487b9134,USD,USD,RVF,RVF,Sell,92.24,55.1890368,0.0,,2024-03-12,18:09:25
MEXC,9ab1542acbcf4dcaaef943d9487b9134,USD,USD,USDT,USDT,Buy,55.1890368,55.1890368,0.0,,2024-03-12,18:09:25
MEXC,6eca9ed452b644ddae2163be5ae9ed00,USD,USD,RVF,RVF,Sell,21.8,13.045556,0.0,,2024-03-12,18:09:25
MEXC,6eca9ed452b644ddae2163be5ae9ed00,USD,USD,USDT,USDT,Buy,13.045556,13.045556,0.0,,2024-03-12,18:09:25
MEXC,6331ec34be644c6f9ec4ee5a55b8e21c,USD,USD,RVF,RVF,Sell,8.38,5.0233072,0.0,,2024-03-12,18:09:25
MEXC,6331ec34be644c6f9ec4ee5a55b8e21c,USD,USD,USDT,USDT,Buy,5.0233072,5.0233072,0.0,,2024-03-12,18:09:25
MEXC,5e3f84e38a2e4b5ca68354c6eb3dfd17,USD,USD,RVF,RVF,Sell,99.85,59.8351125,0.0,,2024-03-12,18:09:25
MEXC,5e3f84e38a2e4b5ca68354c6eb3dfd17,USD,USD,USDT,USDT,Buy,59.8351125,59.8351125,0.0,,2024-03-12,18:09:25
MEXC,5c668fa10bd04bb789058b6fb5acbb87,USD,USD,RVF,RVF,Sell,21.17,12.6497101,0.0,,2024-03-12,18:09:25
MEXC,5c668fa10bd04bb789058b6fb5acbb87,USD,USD,USDT,USDT,Buy,12.6497101,12.6497101,0.0,,2024-03-12,18:09:25
MEXC,manuell01,USD,USD,USDT,USDT,Sell,50.84131,50.84131,0.0,,2024-02-02,09:51:59
MEXC,manuell01,USD,USD,MINA,MINA,Buy,40.82,50.84131,0.0,,2024-02-02,09:51:59
Coinbase,21c9e2d9-aa5f-56fc-8269-f26ffcf63ac6,USD,USD,USDT,USDT,Buy,47.174876,46.15,0.0,,2024-02-02,18:30:01
Coinbase,69996204-8a4f-54bc-a78e-63fad0c9be8f,USD,USD,GRT,GRT,Buy,6.30517023,0.01,0.0,,2024-01-28,17:54:30
Coinbase,b143466c-7aaf-55ae-b145-55408c342d8d,USD,USD,GRT,GRT,Buy,6.30914826,0.01,0.0,,2024-01-28,17:53:54
Coinbase,97b2c332-67dd-584c-9bbe-e63dd798c873,USD,USD,GRT,GRT,Buy,6.3031831,0.01,0.0,,2024-01-28,17:53:26
Coinbase,6333d1e3-0c83-5abe-b449-314bde8de809,USD,USD,GRT,GRT,Buy,6.31313131,0.01,0.0,,2024-01-28,17:52:53
Coinbase,579855a8-a8c2-5c33-b713-569e2c89e8d0,USD,USD,SUI,SUI,Sell,39.41976778,45.48,0.0,,2024-01-28,20:09:40
Coinbase,a7397505-f064-587a-8379-9a69d0ecaf29,USD,USD,ETH,ETH,Buy,0.45436441,1000.0,0.0,,2024-01-28,13:17:45
Coinbase,6aa6063f-f2cd-5b27-bf45-5d2511ff6759,USD,USD,BTC,BTC,Buy,0.04353613,250.0,0.0,,2020-03-30,05:44:34
Coinbase,ca6ae460-0a3d-5aa8-8f87-c7e21a52980e,USD,USD,BTC,BTC,Buy,0.04025953,250.0,0.0,,2020-03-25,21:45:33
Coinbase,7724b569-6acf-507d-9852-e9a6515f4143,USD,USD,BTC,BTC,Buy,0.0211727,139.0,0.0,,2020-03-20,10:36:44
Coinbase,5f73e55e-0e5b-5847-b8a3-9c84595a5421,USD,USD,BTC,BTC,Sell,0.01170598,69.91,0.0,,2018-07-21,08:05:50
Coinbase,f9762712-df1c-5beb-8adb-bd586a26009f,USD,USD,BTC,BTC,Sell,0.00312024,18.26,0.0,,2018-03-26,17:21:23
Coinbase,2447c039-5f7c-51e6-8c76-19d7f9fa8d32,USD,USD,BTC,BTC,Sell,0.00203756,12.43,0.0,,2018-03-14,16:41:03
Coinbase,0c64a6ec-6af1-5a30-8b81-17206a1169e3,USD,USD,BTC,BTC,Sell,0.00531913,39.07,0.0,,2018-02-25,19:54:03
Coinbase,30c8c734-8b70-5ea6-b5bf-6fc1cfb832b8,USD,USD,BTC,BTC,Sell,0.10486886,4032.69,61.12,,2024-01-28,13:29:22
Coinbase,30c8c734-8b70-5ea6-b5bf-6fc1cfb832b8,USD,USD,ETH,ETH,Buy,1.89230453,4032.67,61.139999999999766,,2024-01-28,13:29:22
Coinbase,888418b6-032c-58b5-baaf-8d0aab93123f,USD,USD,ETH,ETH,Sell,0.02395428,49.21,0.74,,2024-01-28,17:39:59
Coinbase,888418b6-032c-58b5-baaf-8d0aab93123f,USD,USD,SUI,SUI,Buy,39.41976778,49.2,0.750000000000002,,2024-01-28,17:39:59
Coinbase,ddff190d-dbac-5f7d-ad88-6842190b5eb9,USD,USD,ETH,ETH,Sell,0.01199864,24.61,0.37,,2024-01-28,18:27:52
Coinbase,ddff190d-dbac-5f7d-ad88-6842190b5eb9,USD,USD,USDT,USDT,Buy,26.312202,24.6,0.38,,2024-01-28,18:27:52
Coinbase,b82a7e5f-02b6-5a9c-900b-8e2191e94eca,USD,USD,ETH,ETH,Sell,0.02395805,49.22,0.75,,2024-01-28,18:34:09
Coinbase,b82a7e5f-02b6-5a9c-900b-8e2191e94eca,USD,USD,SOL,SOL,Buy,0.550004284,49.22,0.75,,2024-01-28,18:34:09
Coinbase,0a4fdd9e-32a9-5b3b-b7b0-d9c282385acc,USD,USD,ETH,ETH,Sell,0.02343831,49.25,0.73,,2024-01-29,17:35:28
Coinbase,0a4fdd9e-32a9-5b3b-b7b0-d9c282385acc,USD,USD,BLUR,BLUR,Buy,79.77176178,49.239999999999995,0.7399999999999989,,2024-01-29,17:35:28
Coinbase,969c8e9d-25a3-5684-8e5e-e925ada597f5,USD,USD,ETH,ETH,Sell,0.15807129,-331.82,5.02,,2024-01-30,09:17:55
Coinbase,969c8e9d-25a3-5684-8e5e-e925ada597f5,USD,USD,USDT,USDT,Buy,353.677418,-331.83000000000004,5.030000000000012,,2024-01-30,09:17:55
Coinbase,e7d0caf0-2096-5eda-b329-e0733eaaca70,USD,USD,GRT,GRT,Sell,25.23063292,3.73,0.06,,2024-01-30,09:19:20
Coinbase,e7d0caf0-2096-5eda-b329-e0733eaaca70,USD,USD,USDT,USDT,Buy,3.971253,3.72,0.0699999999999999,,2024-01-30,09:19:20
Coinbase,7068a93c-cf30-5f1d-a99e-3afe03785f92,USD,USD,USDT,USDT,Sell,108.925343,-98.43,1.48,,2024-02-02,09:39:37
Coinbase,7068a93c-cf30-5f1d-a99e-3afe03785f92,USD,USD,SEI,SEI,Buy,167.675805,-98.44,1.4899999999999989,,2024-02-02,09:39:37
Coinbase,7ae2d11b-824e-50a6-ae89-574ddd8b7de9,USD,USD,BLUR,BLUR,Sell,79.77176178,-42.19,0.66,,2024-02-03,22:00:28
Coinbase,7ae2d11b-824e-50a6-ae89-574ddd8b7de9,USD,USD,USDT,USDT,Buy,44.837102,-42.190000000000005,0.6600000000000003,,2024-02-03,22:00:28
Coinbase,baab67f1-c575-5209-b5eb-66c607050678,USD,USD,USDT,USDT,Sell,131.211705,-120.14999999999999,1.82,,2024-02-06,21:37:39
Coinbase,baab67f1-c575-5209-b5eb-66c607050678,USD,USD,ETH,ETH,Buy,0.05342485,-120.15,1.8200000000000005,,2024-02-06,21:37:39
